,date,Comments_Per_Day,year,month,day
85,2019-01-01 01:00,1344.0,2019,1,1
86,2019-01-02 01:00,2772.0,2019,1,2
87,2019-01-03 01:00,3291.0,2019,1,3
88,2019-01-04 01:00,3175.9999999999995,2019,1,4
89,2019-01-05 01:00,1845.9999999999998,2019,1,5
90,2019-01-06 01:00,2289.0,2019,1,6
91,2019-01-07 01:00,3724.0,2019,1,7
92,2019-01-08 01:00,,2019,1,8
93,2019-01-09 01:00,3655.9999999999995,2019,1,9
94,2019-01-10 01:00,3603.0,2019,1,10
95,2019-01-11 01:00,3274.0,2019,1,11
96,2019-01-12 01:00,1820.0,2019,1,12
97,2019-01-13 01:00,2561.0,2019,1,13
98,2019-01-14 01:00,3499.9999999999995,2019,1,14
99,2019-01-15 01:00,3634.9999999999995,2019,1,15
100,2019-01-16 01:00,3534.0,2019,1,16
101,2019-01-17 01:00,3229.9999999999995,2019,1,17
102,2019-01-18 01:00,3337.9999999999995,2019,1,18
103,2019-01-19 01:00,1944.9999999999998,2019,1,19
104,2019-01-20 01:00,1839.0,2019,1,20
105,2019-01-21 01:00,3139.9999999999995,2019,1,21
106,2019-01-22 01:00,3541.0,2019,1,22
107,2019-01-23 01:00,3537.0,2019,1,23
108,2019-01-24 01:00,2738.0,2019,1,24
109,2019-01-25 01:00,2832.0,2019,1,25
110,2019-01-26 01:00,1932.9999999999998,2019,1,26
111,2019-01-27 01:00,1895.0,2019,1,27
112,2019-01-28 01:00,3231.0,2019,1,28
113,2019-01-29 01:00,3313.0,2019,1,29
114,2019-01-30 01:00,3357.0,2019,1,30
115,2019-01-31 01:00,3358.9999999999995,2019,1,31
116,2019-02-01 01:00,3651.0,2019,2,1
117,2019-02-02 01:00,1854.9999999999998,2019,2,2
118,2019-02-03 01:00,1800.0,2019,2,3
119,2019-02-04 01:00,3082.9999999999995,2019,2,4
120,2019-02-05 01:00,3208.0,2019,2,5
121,2019-02-06 01:00,3460.9999999999995,2019,2,6
122,2019-02-07 01:00,3019.0,2019,2,7
123,2019-02-08 01:00,3038.0,2019,2,8
124,2019-02-09 01:00,2122.0,2019,2,9
125,2019-02-10 01:00,2070.0,2019,2,10
126,2019-02-11 01:00,3189.0,2019,2,11
127,2019-02-12 01:00,3439.0,2019,2,12
128,2019-02-13 01:00,3309.0,2019,2,13
129,2019-02-14 01:00,3436.0,2019,2,14
130,2019-02-15 01:00,3040.0,2019,2,15
131,2019-02-16 01:00,1704.9999999999998,2019,2,16
132,2019-02-17 01:00,1778.0,2019,2,17
133,2019-02-18 01:00,2971.0,2019,2,18
134,2019-02-19 01:00,3211.9999999999995,2019,2,19
135,2019-02-20 01:00,3106.9999999999995,2019,2,20
136,2019-02-21 01:00,3319.0,2019,2,21
137,2019-02-22 01:00,2907.0,2019,2,22
138,2019-02-23 01:00,1447.0,2019,2,23
139,2019-02-24 01:00,1544.0,2019,2,24
140,2019-02-25 01:00,2893.0,2019,2,25
141,2019-02-26 01:00,2859.0,2019,2,26
142,2019-02-27 01:00,3070.0,2019,2,27
143,2019-02-28 01:00,2880.0,2019,2,28
144,2019-03-01 01:00,2866.0,2019,3,1
145,2019-03-02 01:00,1686.9999999999998,2019,3,2
146,2019-03-03 01:00,1282.0,2019,3,3
147,2019-03-04 01:00,2525.0,2019,3,4
148,2019-03-05 01:00,2276.0,2019,3,5
149,2019-03-06 01:00,2933.0,2019,3,6
150,2019-03-07 01:00,2705.0,2019,3,7
151,2019-03-08 01:00,3020.0,2019,3,8
152,2019-03-09 01:00,1779.9999999999998,2019,3,9
153,2019-03-10 01:00,1321.0,2019,3,10
154,2019-03-11 01:00,2702.0,2019,3,11
155,2019-03-12 01:00,2737.0,2019,3,12
156,2019-03-13 01:00,2734.0,2019,3,13
157,2019-03-14 01:00,2805.0,2019,3,14
158,2019-03-15 01:00,3010.0,2019,3,15
159,2019-03-16 01:00,2022.9999999999998,2019,3,16
160,2019-03-17 01:00,1929.9999999999998,2019,3,17
161,2019-03-18 01:00,3369.0,2019,3,18
162,2019-03-19 01:00,3487.9999999999995,2019,3,19
163,2019-03-20 01:00,3510.0,2019,3,20
164,2019-03-21 01:00,,2019,3,21
165,2019-03-22 01:00,3190.0,2019,3,22
166,2019-03-23 01:00,,2019,3,23
167,2019-03-24 01:00,1650.9999999999998,2019,3,24
168,2019-03-25 01:00,2827.0,2019,3,25
169,2019-03-26 01:00,3163.9999999999995,2019,3,26
170,2019-03-27 01:00,3321.0,2019,3,27
171,2019-03-28 01:00,3286.0,2019,3,28
172,2019-03-29 01:00,2905.0,2019,3,29
173,2019-03-30 01:00,1950.0,2019,3,30
174,2019-03-31 01:00,1797.9999999999998,2019,3,31
175,2019-04-01 02:00,2576.0,2019,4,1
176,2019-04-02 02:00,2994.0,2019,4,2
177,2019-04-03 02:00,3651.0,2019,4,3
178,2019-04-04 02:00,3030.0,2019,4,4
179,2019-04-05 02:00,2758.0,2019,4,5
180,2019-04-06 02:00,1617.9999999999998,2019,4,6
181,2019-04-07 02:00,1662.9999999999998,2019,4,7
182,2019-04-08 02:00,3462.0,2019,4,8
183,2019-04-09 02:00,3190.9999999999995,2019,4,9
184,2019-04-10 02:00,3348.0,2019,4,10
185,2019-04-11 02:00,2972.0,2019,4,11
186,2019-04-12 02:00,2675.0,2019,4,12
187,2019-04-13 02:00,1491.0,2019,4,13
188,2019-04-14 02:00,1482.0,2019,4,14
189,2019-04-15 02:00,2864.0,2019,4,15
190,2019-04-16 02:00,4012.9999999999995,2019,4,16
191,2019-04-17 02:00,3459.0,2019,4,17
192,2019-04-18 02:00,3273.0,2019,4,18
193,2019-04-19 02:00,2915.0,2019,4,19
194,2019-04-20 02:00,1650.0,2019,4,20
195,2019-04-21 02:00,2003.0,2019,4,21
196,2019-04-22 02:00,1524.0,2019,4,22
197,2019-04-23 02:00,3229.9999999999995,2019,4,23
198,2019-04-24 02:00,3307.9999999999995,2019,4,24
199,2019-04-25 02:00,3054.0,2019,4,25
200,2019-04-26 02:00,2916.0,2019,4,26
201,2019-04-27 02:00,1683.9999999999998,2019,4,27
202,2019-04-28 02:00,1742.0,2019,4,28
203,2019-04-29 02:00,2836.0,2019,4,29
204,2019-04-30 02:00,3874.0,2019,4,30
205,2019-05-01 02:00,2040.9999999999998,2019,5,1
206,2019-05-02 02:00,3364.9999999999995,2019,5,2
207,2019-05-03 02:00,3361.9999999999995,2019,5,3
208,2019-05-04 02:00,2107.0,2019,5,4
209,2019-05-05 02:00,1740.9999999999998,2019,5,5
210,2019-05-06 02:00,2734.0,2019,5,6
211,2019-05-07 02:00,3192.0,2019,5,7
212,2019-05-08 02:00,2166.0,2019,5,8
213,2019-05-09 02:00,2701.0,2019,5,9
214,2019-05-10 02:00,2716.0,2019,5,10
215,2019-05-11 02:00,1746.0,2019,5,11
216,2019-05-12 02:00,1761.0,2019,5,12
217,2019-05-13 02:00,3063.0,2019,5,13
218,2019-05-14 02:00,3159.0,2019,5,14
219,2019-05-15 02:00,3598.9999999999995,2019,5,15
220,2019-05-16 02:00,3094.0,2019,5,16
221,2019-05-17 02:00,3135.0,2019,5,17
222,2019-05-18 02:00,1526.0,2019,5,18
223,2019-05-19 02:00,1326.0,2019,5,19
224,2019-05-20 02:00,2976.0,2019,5,20
225,2019-05-21 02:00,3319.9999999999995,2019,5,21
226,2019-05-22 02:00,3141.0,2019,5,22
227,2019-05-23 02:00,2969.0,2019,5,23
228,2019-05-24 02:00,2812.0,2019,5,24
229,2019-05-25 02:00,1623.0,2019,5,25
230,2019-05-26 02:00,3159.0,2019,5,26
231,2019-05-27 02:00,3391.0,2019,5,27
232,2019-05-28 02:00,3756.0,2019,5,28
233,2019-05-29 02:00,3036.0,2019,5,29
234,2019-05-30 02:00,2105.0,2019,5,30
235,2019-05-31 02:00,1848.9999999999998,2019,5,31
236,2019-06-01 02:00,1429.0,2019,6,1
237,2019-06-02 02:00,2237.0,2019,6,2
238,2019-06-03 02:00,3763.0,2019,6,3
239,2019-06-04 02:00,3271.9999999999995,2019,6,4
240,2019-06-05 02:00,3580.9999999999995,2019,6,5
241,2019-06-06 02:00,2920.0,2019,6,6
242,2019-06-07 02:00,2353.0,2019,6,7
243,2019-06-08 02:00,1463.0,2019,6,8
244,2019-06-09 02:00,1659.0,2019,6,9
245,2019-06-10 02:00,1869.9999999999998,2019,6,10
246,2019-06-11 02:00,3163.0,2019,6,11
247,2019-06-12 02:00,2519.0,2019,6,12
248,2019-06-13 02:00,2815.0,2019,6,13
249,2019-06-14 02:00,2812.0,2019,6,14
250,2019-06-15 02:00,1701.9999999999998,2019,6,15
251,2019-06-16 02:00,1845.9999999999998,2019,6,16
252,2019-06-17 02:00,3109.0,2019,6,17
253,2019-06-18 02:00,3409.9999999999995,2019,6,18
254,2019-06-19 02:00,3065.0,2019,6,19
255,2019-06-20 02:00,3061.0,2019,6,20
256,2019-06-21 02:00,2435.0,2019,6,21
257,2019-06-22 02:00,1338.0,2019,6,22
258,2019-06-23 02:00,2001.9999999999998,2019,6,23
259,2019-06-24 02:00,3196.0,2019,6,24
260,2019-06-25 02:00,2980.0,2019,6,25
261,2019-06-26 02:00,3178.9999999999995,2019,6,26
262,2019-06-27 02:00,3136.0,2019,6,27
263,2019-06-28 02:00,,2019,6,28
264,2019-06-29 02:00,1598.0,2019,6,29
265,2019-06-30 02:00,1524.0,2019,6,30
266,2019-07-01 02:00,2698.0,2019,7,1
267,2019-07-02 02:00,2893.0,2019,7,2
268,2019-07-03 02:00,3142.0,2019,7,3
269,2019-07-04 02:00,3996.0,2019,7,4
270,2019-07-05 02:00,3051.0,2019,7,5
271,2019-07-06 02:00,1800.9999999999998,2019,7,6
272,2019-07-07 02:00,2025.0,2019,7,7
273,2019-07-08 02:00,3121.9999999999995,2019,7,8
274,2019-07-09 02:00,2891.0,2019,7,9
275,2019-07-10 02:00,2665.0,2019,7,10
276,2019-07-11 02:00,3502.9999999999995,2019,7,11
277,2019-07-12 02:00,2704.0,2019,7,12
278,2019-07-13 02:00,1620.0,2019,7,13
279,2019-07-14 02:00,2373.0,2019,7,14
280,2019-07-15 02:00,3118.9999999999995,2019,7,15
281,2019-07-16 02:00,3135.0,2019,7,16
282,2019-07-17 02:00,2750.0,2019,7,17
283,2019-07-18 02:00,3094.0,2019,7,18
284,2019-07-19 02:00,2395.0,2019,7,19
285,2019-07-20 02:00,1375.0,2019,7,20
286,2019-07-21 02:00,2486.0,2019,7,21
287,2019-07-22 02:00,3160.0,2019,7,22
288,2019-07-23 02:00,3241.9999999999995,2019,7,23
289,2019-07-24 02:00,3232.9999999999995,2019,7,24
290,2019-07-25 02:00,2847.0,2019,7,25
291,2019-07-26 02:00,1983.0,2019,7,26
292,2019-07-27 02:00,1662.0,2019,7,27
293,2019-07-28 02:00,2250.0,2019,7,28
294,2019-07-29 02:00,2595.0,2019,7,29
295,2019-07-30 02:00,2936.0,2019,7,30
296,2019-07-31 02:00,2749.0,2019,7,31
297,2019-08-01 02:00,2699.0,2019,8,1
298,2019-08-02 02:00,1932.9999999999998,2019,8,2
299,2019-08-03 02:00,1749.0,2019,8,3
300,2019-08-04 02:00,2139.0,2019,8,4
301,2019-08-05 02:00,2415.0,2019,8,5
302,2019-08-06 02:00,2713.0,2019,8,6
303,2019-08-07 02:00,3111.0,2019,8,7
304,2019-08-08 02:00,2696.0,2019,8,8
305,2019-08-09 02:00,1910.0,2019,8,9
306,2019-08-10 02:00,1237.0,2019,8,10
307,2019-08-11 02:00,1848.0,2019,8,11
308,2019-08-12 02:00,2563.0,2019,8,12
309,2019-08-13 02:00,2208.0,2019,8,13
310,2019-08-14 02:00,1704.9999999999998,2019,8,14
311,2019-08-15 02:00,1692.0,2019,8,15
312,2019-08-16 02:00,1569.9999999999998,2019,8,16
313,2019-08-17 02:00,1175.0,2019,8,17
314,2019-08-18 02:00,1575.0,2019,8,18
315,2019-08-19 02:00,2221.0,2019,8,19
316,2019-08-20 02:00,2415.0,2019,8,20
317,2019-08-21 02:00,,2019,8,21
318,2019-08-22 02:00,2181.0,2019,8,22
319,2019-08-23 02:00,2502.0,2019,8,23
320,2019-08-24 02:00,1698.0,2019,8,24
321,2019-08-25 02:00,1524.0,2019,8,25
322,2019-08-26 02:00,2253.0,2019,8,26
323,2019-08-27 02:00,2766.0,2019,8,27
324,2019-08-28 02:00,2943.0,2019,8,28
325,2019-08-29 02:00,2443.0,2019,8,29
326,2019-08-30 02:00,2624.0,2019,8,30
327,2019-08-31 02:00,1655.0,2019,8,31
328,2019-09-01 02:00,1064.0,2019,9,1
329,2019-09-02 02:00,1968.9999999999998,2019,9,2
330,2019-09-03 02:00,2199.0,2019,9,3
331,2019-09-04 02:00,2676.0,2019,9,4
332,2019-09-05 02:00,2490.0,2019,9,5
333,2019-09-06 02:00,2398.0,2019,9,6
334,2019-09-07 02:00,1443.0,2019,9,7
335,2019-09-08 02:00,988.9999999999999,2019,9,8
336,2019-09-09 02:00,2100.0,2019,9,9
337,2019-09-10 02:00,2519.0,2019,9,10
338,2019-09-11 02:00,2621.0,2019,9,11
339,2019-09-12 02:00,2303.0,2019,9,12
340,2019-09-13 02:00,3018.0,2019,9,13
341,2019-09-14 02:00,1550.0,2019,9,14
342,2019-09-15 02:00,1309.0,2019,9,15
343,2019-09-16 02:00,1740.0,2019,9,16
344,2019-09-17 02:00,2628.0,2019,9,17
345,2019-09-18 02:00,2373.0,2019,9,18
346,2019-09-19 02:00,2238.0,2019,9,19
347,2019-09-20 02:00,2421.0,2019,9,20
348,2019-09-21 02:00,1491.0,2019,9,21
349,2019-09-22 02:00,1037.0,2019,9,22
350,2019-09-23 02:00,2315.0,2019,9,23
351,2019-09-24 02:00,2780.0,2019,9,24
352,2019-09-25 02:00,2596.0,2019,9,25
353,2019-09-26 02:00,2753.0,2019,9,26
354,2019-09-27 02:00,2263.0,2019,9,27
355,2019-09-28 02:00,1469.0,2019,9,28
356,2019-09-29 02:00,958.0,2019,9,29
357,2019-09-30 02:00,2367.0,2019,9,30
358,2019-10-01 02:00,2832.0,2019,10,1
359,2019-10-02 02:00,2481.0,2019,10,2
360,2019-10-03 02:00,2297.0,2019,10,3
361,2019-10-04 02:00,1956.0,2019,10,4
362,2019-10-05 02:00,1445.0,2019,10,5
363,2019-10-06 02:00,1306.0,2019,10,6
364,2019-10-07 02:00,2071.0,2019,10,7
365,2019-10-08 02:00,2351.0,2019,10,8
366,2019-10-09 02:00,2511.0,2019,10,9
367,2019-10-10 02:00,2336.0,2019,10,10
368,2019-10-11 02:00,2207.0,2019,10,11
369,2019-10-12 02:00,1452.0,2019,10,12
370,2019-10-13 02:00,1086.0,2019,10,13
371,2019-10-14 02:00,2224.0,2019,10,14
372,2019-10-15 02:00,2486.0,2019,10,15
373,2019-10-16 02:00,2718.0,2019,10,16
374,2019-10-17 02:00,2516.0,2019,10,17
375,2019-10-18 02:00,2240.0,2019,10,18
376,2019-10-19 02:00,1542.0,2019,10,19
377,2019-10-20 02:00,1233.0,2019,10,20
378,2019-10-21 02:00,2179.0,2019,10,21
379,2019-10-22 02:00,2465.0,2019,10,22
380,2019-10-23 02:00,2956.0,2019,10,23
381,2019-10-24 02:00,2485.0,2019,10,24
382,2019-10-25 02:00,2195.0,2019,10,25
383,2019-10-26 02:00,1131.0,2019,10,26
384,2019-10-27 02:00,1193.0,2019,10,27
385,2019-10-28 01:00,2013.9999999999998,2019,10,28
386,2019-10-29 01:00,2635.0,2019,10,29
387,2019-10-30 01:00,2305.0,2019,10,30
388,2019-10-31 01:00,2185.0,2019,10,31
389,2019-11-01 01:00,1317.0,2019,11,1
390,2019-11-02 01:00,1003.9999999999999,2019,11,2
391,2019-11-03 01:00,1125.0,2019,11,3
392,2019-11-04 01:00,2141.0,2019,11,4
393,2019-11-05 01:00,2148.0,2019,11,5
394,2019-11-06 01:00,2151.0,2019,11,6
395,2019-11-07 01:00,2213.0,2019,11,7
396,2019-11-08 01:00,2479.0,2019,11,8
397,2019-11-09 01:00,1173.0,2019,11,9
398,2019-11-10 01:00,1099.0,2019,11,10
399,2019-11-11 01:00,1536.0,2019,11,11
400,2019-11-12 01:00,2397.0,2019,11,12
401,2019-11-13 01:00,2457.0,2019,11,13
402,2019-11-14 01:00,2241.0,2019,11,14
403,2019-11-15 01:00,2083.0,2019,11,15
404,2019-11-16 01:00,1569.0,2019,11,16
405,2019-11-17 01:00,1126.0,2019,11,17
406,2019-11-18 01:00,,2019,11,18
407,2019-11-19 01:00,2589.0,2019,11,19
408,2019-11-20 01:00,2650.0,2019,11,20
409,2019-11-21 01:00,2538.0,2019,11,21
410,2019-11-22 01:00,2333.0,2019,11,22
411,2019-11-23 01:00,1130.0,2019,11,23
412,2019-11-24 01:00,1785.9999999999998,2019,11,24
413,2019-11-25 01:00,2613.0,2019,11,25
414,2019-11-26 01:00,2541.0,2019,11,26
415,2019-11-27 01:00,2232.0,2019,11,27
416,2019-11-28 01:00,2553.0,2019,11,28
417,2019-11-29 01:00,1907.0,2019,11,29
418,2019-11-30 01:00,1252.0,2019,11,30
419,2019-12-01 01:00,1674.0,2019,12,1
420,2019-12-02 01:00,2691.0,2019,12,2
421,2019-12-03 01:00,2473.0,2019,12,3
422,2019-12-04 01:00,2581.0,2019,12,4
423,2019-12-05 01:00,2465.0,2019,12,5
424,2019-12-06 01:00,1737.0,2019,12,6
425,2019-12-07 01:00,,2019,12,7
426,2019-12-08 01:00,1185.0,2019,12,8
427,2019-12-09 01:00,1877.0,2019,12,9
428,2019-12-10 01:00,2282.0,2019,12,10
429,2019-12-11 01:00,2687.0,2019,12,11
430,2019-12-12 01:00,2639.0,2019,12,12
431,2019-12-13 01:00,2184.0,2019,12,13
432,2019-12-14 01:00,1442.0,2019,12,14
433,2019-12-15 01:00,1228.0,2019,12,15
434,2019-12-16 01:00,2325.0,2019,12,16
435,2019-12-17 01:00,2688.0,2019,12,17
436,2019-12-18 01:00,,2019,12,18
437,2019-12-19 01:00,2410.0,2019,12,19
438,2019-12-20 01:00,2291.0,2019,12,20
439,2019-12-21 01:00,1272.0,2019,12,21
440,2019-12-22 01:00,1203.0,2019,12,22
441,2019-12-23 01:00,1812.9999999999998,2019,12,23
442,2019-12-24 01:00,1967.0,2019,12,24
443,2019-12-25 01:00,1229.0,2019,12,25
444,2019-12-26 01:00,1536.9999999999998,2019,12,26
445,2019-12-27 01:00,1491.0,2019,12,27
446,2019-12-28 01:00,1368.0,2019,12,28
447,2019-12-29 01:00,1044.0,2019,12,29
448,2019-12-30 01:00,1473.0,2019,12,30
449,2019-12-31 01:00,2057.0,2019,12,31
