,date,posts_per_day,year,month,day
450,2020-01-01 01:00,81.0,2020,1,1
451,2020-01-02 01:00,105.99999999999999,2020,1,2
452,2020-01-03 01:00,126.99999999999999,2020,1,3
453,2020-01-04 01:00,117.0,2020,1,4
454,2020-01-05 01:00,104.0,2020,1,5
455,2020-01-06 01:00,120.99999999999999,2020,1,6
456,2020-01-07 01:00,144.0,2020,1,7
457,2020-01-08 01:00,168.0,2020,1,8
458,2020-01-09 01:00,130.0,2020,1,9
459,2020-01-10 01:00,177.0,2020,1,10
460,2020-01-11 01:00,136.0,2020,1,11
461,2020-01-12 01:00,134.0,2020,1,12
462,2020-01-13 01:00,123.99999999999999,2020,1,13
463,2020-01-14 01:00,148.0,2020,1,14
464,2020-01-15 01:00,152.0,2020,1,15
465,2020-01-16 01:00,177.0,2020,1,16
466,2020-01-17 01:00,143.0,2020,1,17
467,2020-01-18 01:00,96.99999999999999,2020,1,18
468,2020-01-19 01:00,125.0,2020,1,19
469,2020-01-20 01:00,161.0,2020,1,20
470,2020-01-21 01:00,167.0,2020,1,21
471,2020-01-22 01:00,157.0,2020,1,22
472,2020-01-23 01:00,173.0,2020,1,23
473,2020-01-24 01:00,162.0,2020,1,24
474,2020-01-25 01:00,131.0,2020,1,25
475,2020-01-26 01:00,117.99999999999999,2020,1,26
476,2020-01-27 01:00,137.0,2020,1,27
477,2020-01-28 01:00,144.0,2020,1,28
478,2020-01-29 01:00,158.0,2020,1,29
479,2020-01-30 01:00,,2020,1,30
480,2020-01-31 01:00,,2020,1,31
481,2020-02-01 01:00,132.0,2020,2,1
482,2020-02-02 01:00,,2020,2,2
483,2020-02-03 01:00,133.0,2020,2,3
484,2020-02-04 01:00,116.0,2020,2,4
485,2020-02-05 01:00,110.0,2020,2,5
486,2020-02-06 01:00,130.0,2020,2,6
487,2020-02-07 01:00,132.0,2020,2,7
488,2020-02-08 01:00,89.0,2020,2,8
489,2020-02-09 01:00,101.0,2020,2,9
490,2020-02-10 01:00,139.0,2020,2,10
491,2020-02-11 01:00,120.99999999999999,2020,2,11
492,2020-02-12 01:00,144.0,2020,2,12
493,2020-02-13 01:00,154.0,2020,2,13
494,2020-02-14 01:00,144.0,2020,2,14
495,2020-02-15 01:00,114.0,2020,2,15
496,2020-02-16 01:00,114.99999999999999,2020,2,16
497,2020-02-17 01:00,119.0,2020,2,17
498,2020-02-18 01:00,130.0,2020,2,18
499,2020-02-19 01:00,155.0,2020,2,19
500,2020-02-20 01:00,135.0,2020,2,20
501,2020-02-21 01:00,128.0,2020,2,21
502,2020-02-22 01:00,122.0,2020,2,22
503,2020-02-23 01:00,120.0,2020,2,23
504,2020-02-24 01:00,147.0,2020,2,24
505,2020-02-25 01:00,146.0,2020,2,25
506,2020-02-26 01:00,165.0,2020,2,26
507,2020-02-27 01:00,186.0,2020,2,27
508,2020-02-28 01:00,160.0,2020,2,28
509,2020-02-29 01:00,136.0,2020,2,29
510,2020-03-01 01:00,122.0,2020,3,1
511,2020-03-02 01:00,167.0,2020,3,2
512,2020-03-03 01:00,150.0,2020,3,3
513,2020-03-04 01:00,132.0,2020,3,4
514,2020-03-05 01:00,179.0,2020,3,5
515,2020-03-06 01:00,162.0,2020,3,6
516,2020-03-07 01:00,129.0,2020,3,7
517,2020-03-08 01:00,149.0,2020,3,8
518,2020-03-09 01:00,173.0,2020,3,9
519,2020-03-10 01:00,176.0,2020,3,10
520,2020-03-11 01:00,196.99999999999997,2020,3,11
521,2020-03-12 01:00,283.0,2020,3,12
522,2020-03-13 01:00,65.0,2020,3,13
523,2020-03-14 01:00,247.0,2020,3,14
524,2020-03-15 01:00,297.0,2020,3,15
525,2020-03-16 01:00,402.0,2020,3,16
526,2020-03-17 01:00,357.0,2020,3,17
527,2020-03-18 01:00,343.0,2020,3,18
528,2020-03-19 01:00,,2020,3,19
529,2020-03-20 01:00,318.0,2020,3,20
530,2020-03-21 01:00,308.0,2020,3,21
531,2020-03-22 01:00,,2020,3,22
532,2020-03-23 01:00,243.0,2020,3,23
533,2020-03-24 01:00,247.0,2020,3,24
534,2020-03-25 01:00,247.99999999999997,2020,3,25
535,2020-03-26 01:00,241.0,2020,3,26
536,2020-03-27 01:00,220.0,2020,3,27
537,2020-03-28 01:00,213.0,2020,3,28
538,2020-03-29 01:00,184.0,2020,3,29
539,2020-03-30 02:00,186.0,2020,3,30
540,2020-03-31 02:00,205.0,2020,3,31
541,2020-04-01 02:00,271.0,2020,4,1
542,2020-04-02 02:00,241.0,2020,4,2
543,2020-04-03 02:00,204.0,2020,4,3
544,2020-04-04 02:00,156.0,2020,4,4
545,2020-04-05 02:00,,2020,4,5
546,2020-04-06 02:00,171.0,2020,4,6
547,2020-04-07 02:00,159.0,2020,4,7
548,2020-04-08 02:00,204.0,2020,4,8
549,2020-04-09 02:00,179.0,2020,4,9
550,2020-04-10 02:00,169.0,2020,4,10
551,2020-04-11 02:00,150.0,2020,4,11
552,2020-04-12 02:00,159.0,2020,4,12
553,2020-04-13 02:00,204.0,2020,4,13
554,2020-04-14 02:00,217.0,2020,4,14
555,2020-04-15 02:00,181.0,2020,4,15
556,2020-04-16 02:00,163.0,2020,4,16
557,2020-04-17 02:00,199.0,2020,4,17
558,2020-04-18 02:00,147.0,2020,4,18
559,2020-04-19 02:00,123.0,2020,4,19
560,2020-04-20 02:00,132.0,2020,4,20
561,2020-04-21 02:00,184.0,2020,4,21
562,2020-04-22 02:00,157.0,2020,4,22
563,2020-04-23 02:00,150.0,2020,4,23
564,2020-04-24 02:00,168.0,2020,4,24
565,2020-04-25 02:00,145.0,2020,4,25
566,2020-04-26 02:00,146.0,2020,4,26
567,2020-04-27 02:00,160.0,2020,4,27
568,2020-04-28 02:00,183.0,2020,4,28
569,2020-04-29 02:00,164.0,2020,4,29
570,2020-04-30 02:00,175.0,2020,4,30
571,2020-05-01 02:00,148.0,2020,5,1
572,2020-05-02 02:00,137.0,2020,5,2
573,2020-05-03 02:00,128.0,2020,5,3
574,2020-05-04 02:00,168.0,2020,5,4
575,2020-05-05 02:00,165.0,2020,5,5
576,2020-05-06 02:00,142.0,2020,5,6
577,2020-05-07 02:00,172.0,2020,5,7
578,2020-05-08 02:00,142.0,2020,5,8
579,2020-05-09 02:00,148.0,2020,5,9
580,2020-05-10 02:00,139.0,2020,5,10
581,2020-05-11 02:00,152.0,2020,5,11
582,2020-05-12 02:00,144.0,2020,5,12
583,2020-05-13 02:00,161.0,2020,5,13
584,2020-05-14 02:00,159.0,2020,5,14
585,2020-05-15 02:00,156.0,2020,5,15
586,2020-05-16 02:00,126.0,2020,5,16
587,2020-05-17 02:00,135.0,2020,5,17
588,2020-05-18 02:00,143.0,2020,5,18
589,2020-05-19 02:00,139.0,2020,5,19
590,2020-05-20 02:00,148.0,2020,5,20
591,2020-05-21 02:00,122.0,2020,5,21
592,2020-05-22 02:00,,2020,5,22
593,2020-05-23 02:00,126.0,2020,5,23
594,2020-05-24 02:00,113.0,2020,5,24
595,2020-05-25 02:00,136.0,2020,5,25
596,2020-05-26 02:00,151.0,2020,5,26
597,2020-05-27 02:00,162.0,2020,5,27
598,2020-05-28 02:00,164.0,2020,5,28
599,2020-05-29 02:00,144.0,2020,5,29
600,2020-05-30 02:00,126.0,2020,5,30
601,2020-05-31 02:00,108.99999999999999,2020,5,31
602,2020-06-01 02:00,138.0,2020,6,1
603,2020-06-02 02:00,165.0,2020,6,2
604,2020-06-03 02:00,164.0,2020,6,3
605,2020-06-04 02:00,160.0,2020,6,4
606,2020-06-05 02:00,148.0,2020,6,5
607,2020-06-06 02:00,126.99999999999999,2020,6,6
608,2020-06-07 02:00,120.99999999999999,2020,6,7
609,2020-06-08 02:00,125.0,2020,6,8
610,2020-06-09 02:00,149.0,2020,6,9
611,2020-06-10 02:00,140.0,2020,6,10
612,2020-06-11 02:00,135.0,2020,6,11
613,2020-06-12 02:00,126.99999999999999,2020,6,12
614,2020-06-13 02:00,128.0,2020,6,13
615,2020-06-14 02:00,104.0,2020,6,14
616,2020-06-15 02:00,139.0,2020,6,15
617,2020-06-16 02:00,169.0,2020,6,16
618,2020-06-17 02:00,132.0,2020,6,17
619,2020-06-18 02:00,143.0,2020,6,18
620,2020-06-19 02:00,126.99999999999999,2020,6,19
621,2020-06-20 02:00,79.0,2020,6,20
622,2020-06-21 02:00,132.0,2020,6,21
623,2020-06-22 02:00,146.0,2020,6,22
624,2020-06-23 02:00,145.0,2020,6,23
625,2020-06-24 02:00,151.0,2020,6,24
626,2020-06-25 02:00,147.0,2020,6,25
627,2020-06-26 02:00,130.0,2020,6,26
628,2020-06-27 02:00,125.0,2020,6,27
629,2020-06-28 02:00,135.0,2020,6,28
630,2020-06-29 02:00,174.0,2020,6,29
631,2020-06-30 02:00,166.0,2020,6,30
632,2020-07-01 02:00,163.0,2020,7,1
633,2020-07-02 02:00,134.0,2020,7,2
634,2020-07-03 02:00,126.99999999999999,2020,7,3
635,2020-07-04 02:00,96.99999999999999,2020,7,4
636,2020-07-05 02:00,123.0,2020,7,5
637,2020-07-06 02:00,120.99999999999999,2020,7,6
638,2020-07-07 02:00,92.0,2020,7,7
639,2020-07-08 02:00,135.0,2020,7,8
640,2020-07-09 02:00,142.0,2020,7,9
641,2020-07-10 02:00,136.0,2020,7,10
642,2020-07-11 02:00,111.0,2020,7,11
643,2020-07-12 02:00,105.99999999999999,2020,7,12
644,2020-07-13 02:00,114.0,2020,7,13
645,2020-07-14 02:00,167.0,2020,7,14
646,2020-07-15 02:00,128.0,2020,7,15
647,2020-07-16 02:00,154.0,2020,7,16
648,2020-07-17 02:00,138.0,2020,7,17
649,2020-07-18 02:00,102.99999999999999,2020,7,18
650,2020-07-19 02:00,147.0,2020,7,19
651,2020-07-20 02:00,166.0,2020,7,20
652,2020-07-21 02:00,133.0,2020,7,21
653,2020-07-22 02:00,111.0,2020,7,22
654,2020-07-23 02:00,157.0,2020,7,23
655,2020-07-24 02:00,125.0,2020,7,24
656,2020-07-25 02:00,110.0,2020,7,25
657,2020-07-26 02:00,123.0,2020,7,26
658,2020-07-27 02:00,126.99999999999999,2020,7,27
659,2020-07-28 02:00,132.0,2020,7,28
660,2020-07-29 02:00,132.0,2020,7,29
661,2020-07-30 02:00,152.0,2020,7,30
662,2020-07-31 02:00,143.0,2020,7,31
663,2020-08-01 02:00,123.99999999999999,2020,8,1
664,2020-08-02 02:00,98.0,2020,8,2
665,2020-08-03 02:00,,2020,8,3
666,2020-08-04 02:00,135.0,2020,8,4
667,2020-08-05 02:00,129.0,2020,8,5
668,2020-08-06 02:00,173.0,2020,8,6
669,2020-08-07 02:00,123.99999999999999,2020,8,7
670,2020-08-08 02:00,105.0,2020,8,8
671,2020-08-09 02:00,138.0,2020,8,9
672,2020-08-10 02:00,132.0,2020,8,10
673,2020-08-11 02:00,136.0,2020,8,11
674,2020-08-12 02:00,131.0,2020,8,12
675,2020-08-13 02:00,157.0,2020,8,13
676,2020-08-14 02:00,130.0,2020,8,14
677,2020-08-15 02:00,101.0,2020,8,15
678,2020-08-16 02:00,90.0,2020,8,16
679,2020-08-17 02:00,129.0,2020,8,17
680,2020-08-18 02:00,123.0,2020,8,18
681,2020-08-19 02:00,126.0,2020,8,19
682,2020-08-20 02:00,148.0,2020,8,20
683,2020-08-21 02:00,111.0,2020,8,21
684,2020-08-22 02:00,90.0,2020,8,22
685,2020-08-23 02:00,86.0,2020,8,23
686,2020-08-24 02:00,140.0,2020,8,24
687,2020-08-25 02:00,142.0,2020,8,25
688,2020-08-26 02:00,129.0,2020,8,26
689,2020-08-27 02:00,133.0,2020,8,27
690,2020-08-28 02:00,,2020,8,28
691,2020-08-29 02:00,,2020,8,29
692,2020-08-30 02:00,,2020,8,30
693,2020-08-31 02:00,99.99999999999999,2020,8,31
694,2020-09-01 02:00,,2020,9,1
695,2020-09-02 02:00,114.0,2020,9,2
696,2020-09-03 02:00,140.0,2020,9,3
697,2020-09-04 02:00,138.0,2020,9,4
698,2020-09-05 02:00,125.0,2020,9,5
699,2020-09-06 02:00,123.0,2020,9,6
700,2020-09-07 02:00,126.0,2020,9,7
701,2020-09-08 02:00,131.0,2020,9,8
702,2020-09-09 02:00,157.0,2020,9,9
703,2020-09-10 02:00,99.0,2020,9,10
704,2020-09-11 02:00,,2020,9,11
705,2020-09-12 02:00,,2020,9,12
706,2020-09-13 02:00,,2020,9,13
707,2020-09-14 02:00,,2020,9,14
708,2020-09-15 02:00,,2020,9,15
709,2020-09-16 02:00,,2020,9,16
710,2020-09-17 02:00,,2020,9,17
711,2020-09-18 02:00,,2020,9,18
712,2020-09-19 02:00,,2020,9,19
713,2020-09-20 02:00,,2020,9,20
714,2020-09-21 02:00,,2020,9,21
715,2020-09-22 02:00,,2020,9,22
716,2020-09-23 02:00,,2020,9,23
717,2020-09-24 02:00,,2020,9,24
718,2020-09-25 02:00,,2020,9,25
719,2020-09-26 02:00,,2020,9,26
720,2020-09-27 02:00,,2020,9,27
721,2020-09-28 02:00,1.0,2020,9,28
722,2020-09-29 02:00,190.0,2020,9,29
723,2020-09-30 02:00,153.0,2020,9,30
724,2020-10-01 02:00,146.0,2020,10,1
725,2020-10-02 02:00,131.0,2020,10,2
726,2020-10-03 02:00,84.0,2020,10,3
727,2020-10-04 02:00,111.99999999999999,2020,10,4
728,2020-10-05 02:00,141.0,2020,10,5
729,2020-10-06 02:00,143.0,2020,10,6
730,2020-10-07 02:00,142.0,2020,10,7
731,2020-10-08 02:00,175.0,2020,10,8
732,2020-10-09 02:00,144.0,2020,10,9
733,2020-10-10 02:00,114.0,2020,10,10
734,2020-10-11 02:00,117.0,2020,10,11
735,2020-10-12 02:00,120.0,2020,10,12
736,2020-10-13 02:00,129.0,2020,10,13
737,2020-10-14 02:00,165.0,2020,10,14
738,2020-10-15 02:00,157.0,2020,10,15
739,2020-10-16 02:00,171.0,2020,10,16
740,2020-10-17 02:00,175.0,2020,10,17
741,2020-10-18 02:00,210.0,2020,10,18
742,2020-10-19 02:00,202.0,2020,10,19
743,2020-10-20 02:00,166.0,2020,10,20
744,2020-10-21 02:00,192.0,2020,10,21
745,2020-10-22 02:00,153.0,2020,10,22
746,2020-10-23 02:00,152.0,2020,10,23
747,2020-10-24 02:00,149.0,2020,10,24
748,2020-10-25 02:00,201.0,2020,10,25
749,2020-10-26 01:00,237.0,2020,10,26
750,2020-10-27 01:00,277.0,2020,10,27
751,2020-10-28 01:00,306.0,2020,10,28
752,2020-10-29 01:00,387.0,2020,10,29
753,2020-10-30 01:00,257.0,2020,10,30
754,2020-10-31 01:00,247.99999999999997,2020,10,31
755,2020-11-01 01:00,214.0,2020,11,1
756,2020-11-02 01:00,222.0,2020,11,2
757,2020-11-03 01:00,171.0,2020,11,3
758,2020-11-04 01:00,149.0,2020,11,4
759,2020-11-05 01:00,184.0,2020,11,5
760,2020-11-06 01:00,139.0,2020,11,6
761,2020-11-07 01:00,172.0,2020,11,7
762,2020-11-08 01:00,181.0,2020,11,8
763,2020-11-09 01:00,147.0,2020,11,9
764,2020-11-10 01:00,147.0,2020,11,10
765,2020-11-11 01:00,156.0,2020,11,11
766,2020-11-12 01:00,107.0,2020,11,12
767,2020-11-13 01:00,134.0,2020,11,13
768,2020-11-14 01:00,150.0,2020,11,14
769,2020-11-15 01:00,158.0,2020,11,15
770,2020-11-16 01:00,185.0,2020,11,16
771,2020-11-17 01:00,211.99999999999997,2020,11,17
772,2020-11-18 01:00,162.0,2020,11,18
773,2020-11-19 01:00,150.0,2020,11,19
774,2020-11-20 01:00,165.0,2020,11,20
775,2020-11-21 01:00,155.0,2020,11,21
776,2020-11-22 01:00,140.0,2020,11,22
777,2020-11-23 01:00,188.0,2020,11,23
778,2020-11-24 01:00,173.0,2020,11,24
779,2020-11-25 01:00,160.0,2020,11,25
780,2020-11-26 01:00,158.0,2020,11,26
781,2020-11-27 01:00,166.0,2020,11,27
782,2020-11-28 01:00,166.0,2020,11,28
783,2020-11-29 01:00,174.0,2020,11,29
784,2020-11-30 01:00,176.0,2020,11,30
785,2020-12-01 01:00,169.0,2020,12,1
786,2020-12-02 01:00,144.0,2020,12,2
787,2020-12-03 01:00,153.0,2020,12,3
788,2020-12-04 01:00,,2020,12,4
789,2020-12-05 01:00,140.0,2020,12,5
790,2020-12-06 01:00,126.99999999999999,2020,12,6
791,2020-12-07 01:00,162.0,2020,12,7
792,2020-12-08 01:00,145.0,2020,12,8
793,2020-12-09 01:00,162.0,2020,12,9
794,2020-12-10 01:00,138.0,2020,12,10
795,2020-12-11 01:00,160.0,2020,12,11
796,2020-12-12 01:00,130.0,2020,12,12
797,2020-12-13 01:00,102.0,2020,12,13
798,2020-12-14 01:00,150.0,2020,12,14
799,2020-12-15 01:00,168.0,2020,12,15
800,2020-12-16 01:00,137.0,2020,12,16
801,2020-12-17 01:00,141.0,2020,12,17
802,2020-12-18 01:00,156.0,2020,12,18
803,2020-12-19 01:00,104.0,2020,12,19
804,2020-12-20 01:00,139.0,2020,12,20
805,2020-12-21 01:00,123.99999999999999,2020,12,21
806,2020-12-22 01:00,146.0,2020,12,22
807,2020-12-23 01:00,138.0,2020,12,23
808,2020-12-24 01:00,137.0,2020,12,24
809,2020-12-25 01:00,94.0,2020,12,25
810,2020-12-26 01:00,96.0,2020,12,26
811,2020-12-27 01:00,84.0,2020,12,27
812,2020-12-28 01:00,114.99999999999999,2020,12,28
813,2020-12-29 01:00,113.0,2020,12,29
814,2020-12-30 01:00,131.0,2020,12,30
815,2020-12-31 01:00,133.0,2020,12,31
